Contribution,Performance Metric,Layer,Expert
0.0005123894623894428,addition,0,0
0.0007509221715103428,subtraction,0,0
0.0012389918049581713,multiplication,0,0
0.0006666666666666571,english,0,0
-0.0007619047619046999,german,0,0
0.0033333333333332715,french,0,0
0.0019047619047619143,spanish,0,0
0.0039047619047618857,italian,0,0
0.007499999999999957,country_capital,0,0
0.02403352078982323,addition,0,1
0.03414099842734293,subtraction,0,1
0.011111845429702543,multiplication,0,1
0.07314285714285709,english,0,1
0.0296190476190476,german,0,1
0.07790476190476188,french,0,1
0.055333333333333255,spanish,0,1
0.08885714285714282,italian,0,1
0.10814285714285717,country_capital,0,1
0.005485862713383672,addition,0,2
0.001156488733799643,subtraction,0,2
0.005495883963531014,multiplication,0,2
0.0074285714285714,english,0,2
0.0169523809523809,german,0,2
-0.004952380952380929,french,0,2
0.004476190476190399,spanish,0,2
0.023047619047618966,italian,0,2
0.009428571428571344,country_capital,0,2
-0.0028475070370028,addition,0,3
0.0031300285382217428,subtraction,0,3
-0.0002223833589379714,multiplication,0,3
0.02409523809523807,english,0,3
0.017999999999999943,german,0,3
0.025809523809523786,french,0,3
0.0361904761904762,spanish,0,3
0.04857142857142854,italian,0,3
0.020214285714285646,country_capital,0,3
0.007518550528214357,addition,0,4
0.002103440101759371,subtraction,0,4
0.007470954838811915,multiplication,0,4
-0.003047619047619057,english,0,4
0.0007619047619047573,german,0,4
0.0044761904761904435,french,0,4
0.004190476190476143,spanish,0,4
0.0039047619047619425,italian,0,4
0.001,country_capital,0,4
-0.0018781016291520142,addition,0,5
-0.010448037793205816,subtraction,0,5
-0.00276235660542383,multiplication,0,5
-0.013428571428571415,english,0,5
-0.016095238095238013,german,0,5
-0.007809523809523743,french,0,5
-0.007619047619047585,spanish,0,5
0.007142857142857115,italian,0,5
-0.012285714285714285,country_capital,0,5
0.006735857544260857,addition,0,6
0.007223389791036872,subtraction,0,6
0.0006231292983393857,multiplication,0,6
-9.523809523804312e-05,english,0,6
0.002571428571428557,german,0,6
0.017428571428571356,french,0,6
-0.011047619047618985,spanish,0,6
0.0041904761904761716,italian,0,6
-0.005071428571428472,country_capital,0,6
0.0006028155862189143,addition,0,7
8.692983020709318e-05,subtraction,0,7
-0.0013525921790627712,multiplication,0,7
-0.0015238095238094284,english,0,7
0.006666666666666672,german,0,7
0.009714285714285658,french,0,7
0.008190476190476114,spanish,0,7
-0.002571428571428514,italian,0,7
0.012357142857142771,country_capital,0,7
0.0006679348429348286,addition,1,0
0.0029865427134334287,subtraction,1,0
0.0027981500992005004,multiplication,1,0
0.0016190476190475716,english,1,0
-0.0011428571428571427,german,1,0
0.008476190476190386,french,1,0
0.004476190476190428,spanish,1,0
0.006666666666666586,italian,1,0
0.005571428571428556,country_capital,1,0
0.0020541606930261714,addition,1,1
0.0007983700473196,subtraction,1,1
0.0009917018477942601,multiplication,1,1
0.004761904761904701,english,1,1
0.011999999999999943,german,1,1
0.008571428571428544,french,1,1
0.0119999999999999,spanish,1,1
0.004476190476190399,italian,1,1
0.004857142857142771,country_capital,1,1
0.011521869019558015,addition,1,2
0.012933205038036941,subtraction,1,2
0.0030652196154296965,multiplication,1,2
0.020285714285714216,english,1,2
-0.0077142857142857004,german,1,2
0.016857142857142828,french,1,2
0.019238095238095214,spanish,1,2
0.019238095238095186,italian,1,2
-0.007571428571428571,country_capital,1,2
0.188140003958071,addition,1,3
0.15978229109825737,subtraction,1,3
0.11773491970991964,multiplication,1,3
0.2702857142857143,english,1,3
0.21857142857142856,german,1,3
0.17999999999999985,french,1,3
0.16114285714285717,spanish,1,3
0.21666666666666673,italian,1,3
0.18350000000000005,country_capital,1,3
0.0043623163717701145,addition,1,4
0.004904426121652971,subtraction,1,4
0.002302798423176529,multiplication,1,4
0.010095238095238015,english,1,4
0.0029523809523809286,german,1,4
0.006571428571428515,french,1,4
0.015333333333333298,spanish,1,4
0.004190476190476143,italian,1,4
0.003142857142857143,country_capital,1,4
0.008383254335145028,addition,1,5
0.006094137756112514,subtraction,1,5
0.0045035017114848285,multiplication,1,5
-0.00019047619047619997,english,1,5
0.009428571428571357,german,1,5
0.004761904761904701,french,1,5
0.0032380952380952283,spanish,1,5
0.0053333333333333,italian,1,5
0.028642857142857144,country_capital,1,5
0.012674823387008202,addition,1,6
0.01405909167862943,subtraction,1,6
0.009069228755993416,multiplication,1,6
0.003619047619047543,english,1,6
-0.009809523809523771,german,1,6
0.0076190476190475575,french,1,6
0.000571428571428557,spanish,1,6
0.003047619047619057,italian,1,6
0.005428571428571428,country_capital,1,6
-0.007749734874524715,addition,1,7
-0.012134877688449073,subtraction,1,7
-0.0063126024069300995,multiplication,1,7
0.019047619047618983,english,1,7
0.006476190476190415,german,1,7
0.02838095238095237,french,1,7
4.956352788505163e-19,spanish,1,7
0.007809523809523744,italian,1,7
-0.001928571428571443,country_capital,1,7
0.000554271242296486,addition,2,0
0.0034200623295160717,subtraction,2,0
0.0002613193451428572,multiplication,2,0
-0.0040952380952381144,english,2,0
-0.005523809523809429,german,2,0
-0.007619047619047528,french,2,0
-0.004476190476190457,spanish,2,0
-0.0016190476190475428,italian,2,0
0.015571428571428557,country_capital,2,0
0.010716301882058143,addition,2,1
0.008267238838037072,subtraction,2,1
0.005671695546905615,multiplication,2,1
0.005238095238095228,english,2,1
0.005999999999999928,german,2,1
0.0019047619047618714,french,2,1
0.0033333333333332997,spanish,2,1
0.0007619047619047286,italian,2,1
0.004499999999999942,country_capital,2,1
0.007706609854508958,addition,2,2
0.007473257166114271,subtraction,2,2
0.003907259135200242,multiplication,2,2
0.003238095238095186,english,2,2
-0.0021904761904761715,german,2,2
0.0006666666666666571,french,2,2
-0.002476190476190443,spanish,2,2
0.008190476190476142,italian,2,2
0.006571428571428543,country_capital,2,2
-0.004784609407088372,addition,2,3
-0.009147927228389387,subtraction,2,3
-0.005256727904837115,multiplication,2,3
-0.010190476190476156,english,2,3
0.0005714285714285285,german,2,3
1.4125605447239714e-17,french,2,3
-0.007238095238095171,spanish,2,3
-0.007714285714285672,italian,2,3
-0.0037142857142857004,country_capital,2,3
0.007674719926820728,addition,2,4
0.006755909698766786,subtraction,2,4
0.006461799210748742,multiplication,2,4
0.004761904761904757,english,2,4
0.007619047619047544,german,2,4
0.002571428571428543,french,2,4
0.003999999999999943,spanish,2,4
0.011809523809523772,italian,2,4
0.00035714285714289997,country_capital,2,4
2.6673824152799947e-05,addition,2,5
0.0010585472028748998,subtraction,2,5
-0.0008956666738178858,multiplication,2,5
0.011523809523809514,english,2,5
0.0134285714285714,german,2,5
0.008571428571428515,french,2,5
-0.005904761904761843,spanish,2,5
0.026571428571428544,italian,2,5
0.0157142857142857,country_capital,2,5
0.0018227625315859856,addition,2,6
0.005699306560230871,subtraction,2,6
0.0022661157780905286,multiplication,2,6
0.005809523809523715,english,2,6
0.00019047619047618574,german,2,6
0.001047619047619043,french,2,6
-0.0007619047619047142,spanish,2,6
0.0032380952380952283,italian,2,6
0.01121428571428564,country_capital,2,6
0.00019577319661355708,addition,2,7
0.001292007751041343,subtraction,2,7
-0.0008550554642991001,multiplication,2,7
0.014285714285714216,english,2,7
-0.000571428571428557,german,2,7
0.0027619047619047003,french,2,7
-0.0039047619047618575,spanish,2,7
-0.0019047619047618714,italian,2,7
0.0025714285714285856,country_capital,2,7
0.0019173848404940143,addition,3,0
0.0016004268218553143,subtraction,3,0
0.0009282239469214001,multiplication,3,0
0.0035238095238095146,english,3,0
-0.0017142857142856429,german,3,0
0.0033333333333332854,french,3,0
0.00028571428571425695,spanish,3,0
0.004952380952380929,italian,3,0
0.0024285714285714145,country_capital,3,0
0.0003873532707566046,addition,3,1
0.00012699595766819998,subtraction,3,1
-0.0021286711887551855,multiplication,3,1
0.004571428571428543,english,3,1
0.003238095238095186,german,3,1
-0.00019047619047621423,french,3,1
0.0034285714285713855,spanish,3,1
-0.0009523809523809141,italian,3,1
0.0055714285714285,country_capital,3,1
-0.0016114208387317571,addition,3,2
0.0008275645767242285,subtraction,3,2
-0.00044781958626499994,multiplication,3,2
0.008380952380952359,english,3,2
0.0006666666666667001,german,3,2
0.0031428571428570857,french,3,2
0.009333333333333286,spanish,3,2
0.004571428571428543,italian,3,2
-0.0037142857142857,country_capital,3,2
0.0015735764935344717,addition,3,3
0.0014668063806719223,subtraction,3,3
-0.00010218254356908565,multiplication,3,3
0.014380952380952315,english,3,3
0.009809523809523744,german,3,3
0.011999999999999957,french,3,3
0.005999999999999957,spanish,3,3
0.0029523809523809,italian,3,3
0.0062857142857142435,country_capital,3,3
0.006381248396794543,addition,3,4
0.0088523117949588,subtraction,3,4
0.002463502572746257,multiplication,3,4
0.004190476190476143,english,3,4
0.0017142857142856717,german,3,4
0.0008571428571428573,french,3,4
0.0038095238095237427,spanish,3,4
0.0044761904761904435,italian,3,4
0.0042857142857142564,country_capital,3,4
0.003322604799495543,addition,3,5
0.0014451158707460855,subtraction,3,5
0.00026189555853421427,multiplication,3,5
-0.0005714285714286001,english,3,5
0.00028571428571428574,german,3,5
-0.0056190476190476285,french,3,5
-0.0026666666666666,spanish,3,5
0.00038095238095231423,italian,3,5
0.012428571428571357,country_capital,3,5
0.0032447070902952998,addition,3,6
0.004759127979085913,subtraction,3,6
0.006237419831957614,multiplication,3,6
0.004761904761904699,english,3,6
0.0016190476190476144,german,3,6
0.0021904761904761715,french,3,6
-0.0007619047619047858,spanish,3,6
0.0027619047619046994,italian,3,6
0.013285714285714215,country_capital,3,6
0.013025892058455057,addition,3,7
0.012478974868890784,subtraction,3,7
0.008327760272718242,multiplication,3,7
0.011523809523809488,english,3,7
0.010190476190476099,german,3,7
0.00028571428571428574,french,3,7
-0.005619047619047586,spanish,3,7
0.007333333333333285,italian,3,7
0.009214285714285644,country_capital,3,7
0.0018412864213283714,addition,4,0
0.0018149158575628572,subtraction,4,0
0.0007988115603662001,multiplication,4,0
0.001428571428571414,english,4,0
0.01476190476190473,german,4,0
0.012380952380952286,french,4,0
0.0022857142857142273,spanish,4,0
0.015142857142857085,italian,4,0
0.006214285714285729,country_capital,4,0
0.004323315013651129,addition,4,1
0.0021812739548033285,subtraction,4,1
0.007643817612515043,multiplication,4,1
0.008476190476190457,english,4,1
9.523809523807162e-05,german,4,1
-0.0003809523809523427,french,4,1
-0.0006666666666666569,spanish,4,1
0.009619047619047557,italian,4,1
0.006785714285714272,country_capital,4,1
0.0021097343133056573,addition,4,2
0.0030001189831021435,subtraction,4,2
0.001374294177655443,multiplication,4,2
0.003999999999999958,english,4,2
0.0036190476190475856,german,4,2
0.005238095238095201,french,4,2
0.0050476190476190005,spanish,4,2
0.004666666666666643,italian,4,2
-0.000785714285714286,country_capital,4,2
0.003945680331184471,addition,4,3
0.006469362857808186,subtraction,4,3
0.00035448073557321427,multiplication,4,3
0.011999999999999927,english,4,3
0.004761904761904757,german,4,3
0.004476190476190414,french,4,3
0.007714285714285672,spanish,4,3
0.003904761904761886,italian,4,3
0.012714285714285714,country_capital,4,3
0.0016789807375941857,addition,4,4
0.0025841062299045287,subtraction,4,4
0.0021967505805740857,multiplication,4,4
-0.00038095238095241436,english,4,4
-0.0014285714285713715,german,4,4
0.0010476190476190286,french,4,4
0.0027619047619047285,spanish,4,4
-0.00028571428571428574,italian,4,4
0.022928571428571416,country_capital,4,4
0.003993419683335628,addition,4,5
0.0021433127096992,subtraction,4,5
0.002111215628442457,multiplication,4,5
0.005238095238095201,english,4,5
-0.0048571428571428715,german,4,5
-0.003714285714285686,french,4,5
-0.0039047619047618575,spanish,4,5
0.006095238095238029,italian,4,5
0.009428571428571413,country_capital,4,5
0.007189467162156214,addition,4,6
0.006296910403633014,subtraction,4,6
0.0027131152771908856,multiplication,4,6
0.0028571428571428294,english,4,6
-0.00028571428571428574,german,4,6
0.001238095238095257,french,4,6
0.0008571428571428143,spanish,4,6
0.004571428571428558,italian,4,6
-0.0017142857142856429,country_capital,4,6
0.00011969476990484305,addition,4,7
0.005297994248204271,subtraction,4,7
-8.819997307392859e-05,multiplication,4,7
0.005714285714285672,english,4,7
-0.0024761904761904283,german,4,7
0.006095238095238015,french,4,7
0.0014285714285713713,spanish,4,7
0.007333333333333257,italian,4,7
0.012642857142857131,country_capital,4,7
0.0032754123483114714,addition,5,0
0.016177233807275787,subtraction,5,0
0.004686238901154771,multiplication,5,0
0.016571428571428556,english,5,0
-0.0031428571428571144,german,5,0
0.00028571428571425695,french,5,0
0.007047619047619015,spanish,5,0
0.003999999999999943,italian,5,0
0.0008571428571427714,country_capital,5,0
0.0037971377206670854,addition,5,1
0.006036928920752414,subtraction,5,1
0.003449181467458743,multiplication,5,1
0.0004761904761904574,english,5,1
0.0050476190476190005,german,5,1
0.0008571428571428572,french,5,1
0.0037142857142857147,spanish,5,1
0.000761904761904743,italian,5,1
0.003214285714285614,country_capital,5,1
0.005018145890834886,addition,5,2
0.004026038402929086,subtraction,5,2
0.004094435357670585,multiplication,5,2
0.0012380952380952,english,5,2
0.005142857142857058,german,5,2
0.005142857142857115,french,5,2
0.0018095238095237715,spanish,5,2
0.005047619047619015,italian,5,2
0.0014999999999999998,country_capital,5,2
0.00016742857982357138,addition,5,3
0.00021888094009941725,subtraction,5,3
0.001910583557432257,multiplication,5,3
-0.003238095238095186,english,5,3
-0.0033333333333332715,german,5,3
-0.001428571428571414,french,5,3
0.0056190476190475435,spanish,5,3
-0.0019047619047619,italian,5,3
-0.005357142857142771,country_capital,5,3
0.0012002106203786572,addition,5,4
0.003581178143362957,subtraction,5,4
0.0004246333653896428,multiplication,5,4
0.003047619047619,english,5,4
0.0019047619047618714,german,5,4
-0.0018095238095238286,french,5,4
-0.001523809523809486,spanish,5,4
-9.523809523812861e-05,italian,5,4
0.014499999999999985,country_capital,5,4
0.011527223119239914,addition,5,5
0.009029458512231584,subtraction,5,5
0.003144562323763957,multiplication,5,5
0.016571428571428515,english,5,5
0.013809523809523744,german,5,5
0.009142857142857072,french,5,5
-0.003999999999999929,spanish,5,5
0.011428571428571344,italian,5,5
0.012285714285714214,country_capital,5,5
0.005260542002348744,addition,5,6
0.0012065694343005144,subtraction,5,6
0.0003762053928020572,multiplication,5,6
0.013999999999999957,english,5,6
0.006190476190476114,german,5,6
0.0055238095238095,french,5,6
-0.00028571428571428574,spanish,5,6
0.004190476190476172,italian,5,6
0.0029999999999999285,country_capital,5,6
0.0024230214385675573,addition,5,7
-0.0017829247472103999,subtraction,5,7
0.00027977875687962864,multiplication,5,7
-0.005047619047619029,english,5,7
0.0014285714285714,german,5,7
0.00028571428571428584,french,5,7
-0.0005714285714285859,spanish,5,7
0.002666666666666629,italian,5,7
-0.0008571428571428428,country_capital,5,7
0.005927977982179615,addition,6,0
0.014876416759399871,subtraction,6,0
0.003475463643110643,multiplication,6,0
0.0011428571428570857,english,6,0
0.004666666666666601,german,6,0
0.007142857142857071,french,6,0
-0.0022857142857143,spanish,6,0
0.007333333333333271,italian,6,0
0.00028571428571429983,country_capital,6,0
0.009127321627951828,addition,6,1
0.005329315059357014,subtraction,6,1
0.004339413566514314,multiplication,6,1
0.0017142857142857287,english,6,1
0.001619047619047586,german,6,1
0.0005714285714285715,french,6,1
1.4249514266952343e-17,spanish,6,1
0.0028571428571428003,italian,6,1
-0.0020714285714285,country_capital,6,1
0.0024333830501897,addition,6,2
0.003930310857831828,subtraction,6,2
0.005372841249942056,multiplication,6,2
0.009714285714285672,english,6,2
0.0065714285714285284,german,6,2
0.0037142857142857,french,6,2
-0.0012380952380951998,spanish,6,2
0.005619047619047571,italian,6,2
0.001357142857142843,country_capital,6,2
0.005158309298855486,addition,6,3
0.006807929418853757,subtraction,6,3
0.007082438188950757,multiplication,6,3
0.000857142857142843,english,6,3
0.0012380952380952142,german,6,3
0.0129523809523809,french,6,3
0.009428571428571399,spanish,6,3
0.005238095238095186,italian,6,3
-0.0010714285714285999,country_capital,6,3
0.0004786902717575287,addition,6,4
0.001615847457864216,subtraction,6,4
0.0011206369494184286,multiplication,6,4
0.0039047619047618714,english,6,4
0.006380952380952342,german,6,4
0.0028571428571427574,french,6,4
0.005714285714285686,spanish,6,4
0.0008571428571428286,italian,6,4
0.0034285714285714427,country_capital,6,4
9.101911160734285e-05,addition,6,5
-0.002209472367035357,subtraction,6,5
0.0019520756321176286,multiplication,6,5
0.0011428571428571143,english,6,5
0.001523809523809543,german,6,5
-0.0004761904761904715,french,6,5
-0.0078095238095238,spanish,6,5
-0.005047619047619043,italian,6,5
-0.001642857142857086,country_capital,6,5
-0.003412537104974043,addition,6,6
-0.0027812178251253148,subtraction,6,6
-0.0020327237110850573,multiplication,6,6
0.008380952380952314,english,6,6
-0.002857142857142786,german,6,6
0.008952380952380943,french,6,6
-0.0012380952380951998,spanish,6,6
0.0007619047619047712,italian,6,6
0.004499999999999986,country_capital,6,6
-0.0014558557455615713,addition,6,7
-0.003318799112496528,subtraction,6,7
0.0005707749766572572,multiplication,6,7
0.01019047619047617,english,6,7
0.015619047619047541,german,6,7
0.015333333333333313,french,6,7
-0.0009523809523809427,spanish,6,7
0.015142857142857085,italian,6,7
-0.00021428571428568584,country_capital,6,7
0.008706948692452829,addition,7,0
0.007775953808096628,subtraction,7,0
-0.0001422913532157,multiplication,7,0
0.003333333333333329,english,7,0
0.014857142857142815,german,7,0
0.008857142857142815,french,7,0
0.0095238095238095,spanish,7,0
0.006857142857142757,italian,7,0
-0.0007857142857143287,country_capital,7,0
-0.00015010972531984287,addition,7,1
0.00020351874238428574,subtraction,7,1
0.001418286226689543,multiplication,7,1
-0.00019047619047619997,english,7,1
0.016571428571428556,german,7,1
0.0007619047619047858,french,7,1
-0.0008571428571428572,spanish,7,1
-0.001999999999999957,italian,7,1
-0.003571428571428514,country_capital,7,1
0.011243392197593812,addition,7,2
0.0043007583919348,subtraction,7,2
0.0015929675211187428,multiplication,7,2
0.0031428571428571,english,7,2
0.0067619047619047,german,7,2
0.006476190476190415,french,7,2
0.0021904761904761286,spanish,7,2
0.006190476190476129,italian,7,2
0.0022857142857141996,country_capital,7,2
-0.00045754621973111435,addition,7,3
-0.0010077377882000001,subtraction,7,3
-0.0018959988579735998,multiplication,7,3
0.015809523809523756,english,7,3
0.014857142857142815,german,7,3
0.022190476190476142,french,7,3
0.01780952380952377,spanish,7,3
0.0030476190476190286,italian,7,3
0.005214285714285614,country_capital,7,3
-9.164169164168571e-05,addition,7,4
0.0007233290752198285,subtraction,7,4
0.0002890073511922143,multiplication,7,4
0.005523809523809443,english,7,4
0.006571428571428542,german,7,4
0.005904761904761843,french,7,4
0.0009523809523809426,spanish,7,4
0.001238095238095257,italian,7,4
-0.0013571428571428144,country_capital,7,4
0.0052728441415415715,addition,7,5
0.011037451383039557,subtraction,7,5
0.003823940081082857,multiplication,7,5
0.014761904761904698,english,7,5
0.013904761904761856,german,7,5
0.012761904761904684,french,7,5
0.012190476190476128,spanish,7,5
0.011047619047618985,italian,7,5
0.0008571428571428715,country_capital,7,5
0.006024375577736857,addition,7,6
0.0033275442500231853,subtraction,7,6
0.002396988756652557,multiplication,7,6
0.006761904761904671,english,7,6
0.004000000000000001,german,7,6
0.0006666666666666286,french,7,6
-1.431146867680866e-17,spanish,7,6
0.0008571428571428429,italian,7,6
-0.0021428571428570714,country_capital,7,6
0.0072457457186448,addition,7,7
0.001564083947487314,subtraction,7,7
0.0028198759534893572,multiplication,7,7
0.013238095238095172,english,7,7
-0.0003809523809523713,german,7,7
-0.0013333333333332856,french,7,7
0.001238095238095243,spanish,7,7
0.002571428571428514,italian,7,7
-0.0023571428571428714,country_capital,7,7
0.004224196283019786,addition,8,0
0.005880739879479285,subtraction,8,0
0.0010230567907037857,multiplication,8,0
0.007428571428571386,english,8,0
0.0024761904761904574,german,8,0
0.0031428571428571282,french,8,0
0.003714285714285657,spanish,8,0
0.0018095238095237574,italian,8,0
-0.0015714285714285,country_capital,8,0
0.005226352429083457,addition,8,1
0.0104626058737403,subtraction,8,1
0.005983634059684444,multiplication,8,1
-0.0006666666666666567,english,8,1
0.0039047619047619005,german,8,1
0.010666666666666642,french,8,1
-0.006095238095238029,spanish,8,1
0.004095238095238057,italian,8,1
-0.0001428571428571714,country_capital,8,1
-0.0009570456309951909,addition,8,2
-0.0013810019889851143,subtraction,8,2
-0.0004276051213025857,multiplication,8,2
0.0016190476190475716,english,8,2
0.0023809523809523283,german,8,2
0.0013333333333333,french,8,2
-0.004095238095238085,spanish,8,2
-9.523809523808574e-05,italian,8,2
-0.0011428571428570716,country_capital,8,2
0.010021477549838842,addition,8,3
0.009446319677832257,subtraction,8,3
0.010853452670889571,multiplication,8,3
0.024095238095238027,english,8,3
0.002285714285714257,german,8,3
0.009333333333333272,french,8,3
0.004476190476190399,spanish,8,3
0.003333333333333243,italian,8,3
-0.0011428571428570428,country_capital,8,3
-0.00034751714205495714,addition,8,4
-0.00025040609095231426,subtraction,8,4
0.0009319414401346714,multiplication,8,4
0.0013333333333333,english,8,4
-0.008190476190476099,german,8,4
-0.001904761904761857,french,8,4
0.0032380952380952144,spanish,8,4
9.523809523805712e-05,italian,8,4
0.0007857142857142726,country_capital,8,4
-0.0059151783790439005,addition,8,5
-0.005129411267226329,subtraction,8,5
0.0001649700983734571,multiplication,8,5
0.01923809523809519,english,8,5
0.003999999999999928,german,8,5
0.021428571428571346,french,8,5
0.0094285714285714,spanish,8,5
0.0148571428571428,italian,8,5
-0.0002142857142857,country_capital,8,5
-0.0006534730830948429,addition,8,6
-0.0013901335359318286,subtraction,8,6
-0.0002480142795269,multiplication,8,6
0.0010476190476190858,english,8,6
0.0030476190476189714,german,8,6
0.0039047619047618285,french,8,6
0.0013333333333332572,spanish,8,6
0.0034285714285713998,italian,8,6
0.003928571428571357,country_capital,8,6
-0.0008195986242204427,addition,8,7
-0.0021058478947134284,subtraction,8,7
0.0017116415330700571,multiplication,8,7
-0.0012380952380952,english,8,7
-0.0029523809523809,german,8,7
-0.0027619047619047003,french,8,7
-0.0027619047619047146,spanish,8,7
0.0017142857142856999,italian,8,7
-0.004142857142857129,country_capital,8,7
0.0025722684722684283,addition,9,0
0.004061560117442414,subtraction,9,0
0.002009069719573843,multiplication,9,0
0.0015238095238095286,english,9,0
-0.002190476190476186,german,9,0
0.0031428571428571,french,9,0
0.0017142857142856999,spanish,9,0
0.0028571428571428003,italian,9,0
-0.004428571428571371,country_capital,9,0
0.008172370059134671,addition,9,1
0.0028051775022362863,subtraction,9,1
0.004739556374220186,multiplication,9,1
0.0088571428571428,english,9,1
0.005047619047619014,german,9,1
0.004571428571428486,french,9,1
-0.0009523809523808857,spanish,9,1
0.003047619047619043,italian,9,1
0.000999999999999943,country_capital,9,1
0.004667183299116057,addition,9,2
0.0013208924595478429,subtraction,9,2
0.0013158673104051572,multiplication,9,2
0.026571428571428517,english,9,2
0.018380952380952314,german,9,2
0.021714285714285655,french,9,2
0.010666666666666571,spanish,9,2
0.007619047619047586,italian,9,2
-0.008142857142857085,country_capital,9,2
0.006001749713094172,addition,9,3
0.0063655999773646705,subtraction,9,3
0.0008793952546052571,multiplication,9,3
0.0005714285714285142,english,9,3
-0.002095238095238057,german,9,3
-0.000285714285714286,french,9,3
0.0013333333333333,spanish,9,3
-0.0008571428571428569,italian,9,3
-0.0005714285714285285,country_capital,9,3
0.002261578889520028,addition,9,4
0.0011842840244100144,subtraction,9,4
0.0014319269432714,multiplication,9,4
0.005809523809523743,english,9,4
0.0008571428571428428,german,9,4
-9.52380952381143e-05,french,9,4
0.005523809523809486,spanish,9,4
0.00019047619047617162,italian,9,4
0.0016428571428571711,country_capital,9,4
0.0050928982082343284,addition,9,5
0.005929588408790071,subtraction,9,5
0.0020044452046552,multiplication,9,5
0.008190476190476158,english,9,5
0.003523809523809471,german,9,5
0.0017142857142856717,french,9,5
-0.002190476190476129,spanish,9,5
0.0021904761904762283,italian,9,5
0.007714285714285658,country_capital,9,5
0.0009641136718868144,addition,9,6
0.0022288990343612,subtraction,9,6
9.384848733587142e-05,multiplication,9,6
0.0012380952380952287,english,9,6
0.0005714285714286002,german,9,6
0.0014285714285714002,french,9,6
0.0020952380952380858,spanish,9,6
0.003047619047619072,italian,9,6
0.006071428571428543,country_capital,9,6
0.002441607575431086,addition,9,7
0.002793691998944043,subtraction,9,7
0.0027869113379617428,multiplication,9,7
0.004190476190476114,english,9,7
-0.010095238095238,german,9,7
-0.007619047619047544,french,9,7
-0.006476190476190443,spanish,9,7
-0.004761904761904685,italian,9,7
-0.006928571428571401,country_capital,9,7
0.0036613099163518856,addition,10,0
0.006222888930241828,subtraction,10,0
0.0014692069290808574,multiplication,10,0
0.02190476190476189,english,10,0
0.013523809523809471,german,10,0
0.024571428571428543,french,10,0
0.008952380952380901,spanish,10,0
0.010666666666666658,italian,10,0
0.006071428571428472,country_capital,10,0
0.0025932755541998717,addition,10,1
0.005276312521900701,subtraction,10,1
0.001395647893967186,multiplication,10,1
0.0019047619047618432,english,10,1
0.00047619047619044285,german,10,1
0.0019047619047618716,french,10,1
0.007904761904761871,spanish,10,1
0.005809523809523729,italian,10,1
0.003714285714285657,country_capital,10,1
0.0026601668017633856,addition,10,2
0.0031019437845067714,subtraction,10,2
-0.00027399681706398573,multiplication,10,2
0.0031428571428571144,english,10,2
0.004571428571428558,german,10,2
0.0024761904761904283,french,10,2
-9.523809523812861e-05,spanish,10,2
9.523809523805712e-05,italian,10,2
-0.007285714285714257,country_capital,10,2
0.0054342390880205566,addition,10,3
0.005726850227270343,subtraction,10,3
0.0030671053192061,multiplication,10,3
0.011238095238095202,english,10,3
-0.003904761904761886,german,10,3
0.0006666666666666432,french,10,3
0.0015238095238095143,spanish,10,3
0.007238095238095187,italian,10,3
0.005428571428571357,country_capital,10,3
-0.001550551743618943,addition,10,4
0.0012869084230428998,subtraction,10,4
0.0030471044517262577,multiplication,10,4
0.0178095238095238,english,10,4
0.016952380952380903,german,10,4
0.007904761904761843,french,10,4
0.01342857142857133,spanish,10,4
0.012761904761904743,italian,10,4
-0.0187857142857142,country_capital,10,4
0.0075396237127329435,addition,10,5
0.004997503919982872,subtraction,10,5
0.0051179129616104,multiplication,10,5
0.0062857142857142,english,10,5
0.0033333333333333,german,10,5
0.0043809523809523,french,10,5
0.0006666666666666286,spanish,10,5
0.0016190476190476287,italian,10,5
-0.004214285714285629,country_capital,10,5
-0.004135683379800985,addition,10,6
-0.0035125918121716,subtraction,10,6
0.0014706851505170144,multiplication,10,6
-0.005619047619047586,english,10,6
-0.005999999999999943,german,10,6
-9.523809523812861e-05,french,10,6
-0.012666666666666658,spanish,10,6
-0.006666666666666628,italian,10,6
-0.011285714285714257,country_capital,10,6
0.0026187420811369573,addition,10,7
0.002907282236904071,subtraction,10,7
0.0027345108672839425,multiplication,10,7
0.005619047619047586,english,10,7
0.004761904761904701,german,10,7
0.005047619047618972,french,10,7
0.004857142857142814,spanish,10,7
-0.0015238095238094718,italian,10,7
0.0021428571428572,country_capital,10,7
0.0009821748279731286,addition,11,0
0.0008580229139052285,subtraction,11,0
-0.0009682287289430141,multiplication,11,0
-1.2390881971262907e-19,english,11,0
-0.0024761904761904144,german,11,0
-0.003809523809523772,french,11,0
-0.003904761904761886,spanish,11,0
-0.0019047619047619145,italian,11,0
0.010142857142857144,country_capital,11,0
0.007052199605560872,addition,11,1
0.009973528416805714,subtraction,11,1
0.005484907148562571,multiplication,11,1
0.02190476190476184,english,11,1
0.022571428571428517,german,11,1
0.009523809523809443,french,11,1
0.0265714285714285,spanish,11,1
0.009428571428571429,italian,11,1
0.01635714285714284,country_capital,11,1
-0.0036625002914918575,addition,11,2
-0.005817836699559343,subtraction,11,2
-0.0011771283183047714,multiplication,11,2
-0.004857142857142814,english,11,2
-0.004380952380952314,german,11,2
-0.0019047619047618863,french,11,2
-0.0016190476190476144,spanish,11,2
-0.0022857142857142143,italian,11,2
-0.0011428571428571427,country_capital,11,2
5.399802500639734e-05,addition,11,3
0.0004863200524964714,subtraction,11,3
0.0009541762392602429,multiplication,11,3
0.002476190476190443,english,11,3
-9.523809523811427e-05,german,11,3
-0.0009523809523809141,french,11,3
0.0013333333333333,spanish,11,3
-9.523809523808546e-05,italian,11,3
0.00028571428571427137,country_capital,11,3
-0.004005111251959929,addition,11,4
-0.0032358560051836856,subtraction,11,4
-0.0013908550988382287,multiplication,11,4
0.020666666666666614,english,11,4
0.01199999999999997,german,11,4
0.019333333333333286,french,11,4
0.0032380952380952712,spanish,11,4
0.009047619047618999,italian,11,4
0.012428571428571384,country_capital,11,4
-0.0004456568019593285,addition,11,5
0.0017322305068103142,subtraction,11,5
0.0004391071346953571,multiplication,11,5
-0.0013333333333333,english,11,5
-0.003428571428571371,german,11,5
-0.004666666666666615,french,11,5
-0.0018095238095237856,spanish,11,5
-0.0006666666666666714,italian,11,5
-0.0037857142857142,country_capital,11,5
-0.0029768540594170426,addition,11,6
0.0028265750045161284,subtraction,11,6
0.0008517176645327285,multiplication,11,6
0.004380952380952314,english,11,6
-0.007523809523809458,german,11,6
-0.0051428571428571,french,11,6
-0.000285714285714285,spanish,11,6
-0.001142857142857086,italian,11,6
-0.003357142857142843,country_capital,11,6
0.0023994476889434,addition,11,7
0.0017244230714818572,subtraction,11,7
0.0013211552686342284,multiplication,11,7
0.005333333333333272,english,11,7
-0.0055238095238094856,german,11,7
0.002190476190476143,french,11,7
0.004571428571428529,spanish,11,7
-9.523809523808571e-05,italian,11,7
0.0034999999999999714,country_capital,11,7
0.0015259704347939142,addition,12,0
0.005189607350321586,subtraction,12,0
0.0004158169172874714,multiplication,12,0
0.0006666666666666571,english,12,0
0.0039047619047618575,german,12,0
-0.002476190476190443,french,12,0
-0.00047619047619047137,spanish,12,0
-0.0016190476190475714,italian,12,0
0.009142857142857086,country_capital,12,0
0.007330918280287971,addition,12,1
0.007093518930493657,subtraction,12,1
0.0011495522218210857,multiplication,12,1
-0.00038095238095240004,english,12,1
0.036095238095238104,german,12,1
0.017904761904761857,french,12,1
0.017333333333333256,spanish,12,1
0.008285714285714244,italian,12,1
-0.017142857142857088,country_capital,12,1
0.003998228281211443,addition,12,2
0.0024008685603223,subtraction,12,2
0.0023755976749673573,multiplication,12,2
0.005809523809523786,english,12,2
0.0034285714285713573,german,12,2
0.008857142857142786,french,12,2
0.003999999999999943,spanish,12,2
-0.0007619047619047285,italian,12,2
-0.0041428571428570714,country_capital,12,2
0.010904577526426215,addition,12,3
0.010318730779024857,subtraction,12,3
0.004698221044439471,multiplication,12,3
0.002857142857142843,english,12,3
0.014666666666666587,german,12,3
0.005904761904761857,french,12,3
0.0126666666666666,spanish,12,3
0.006666666666666642,italian,12,3
-0.0024285714285714284,country_capital,12,3
0.0007509399564021205,addition,12,4
0.00011700775881445715,subtraction,12,4
0.001553203013917243,multiplication,12,4
0.01876190476190467,english,12,4
0.020857142857142828,german,12,4
0.010476190476190429,french,12,4
0.010857142857142829,spanish,12,4
0.007999999999999943,italian,12,4
-0.0033571428571427995,country_capital,12,4
-3.55238676667112e-05,addition,12,5
0.0010514596592327001,subtraction,12,5
0.0004483217451704296,multiplication,12,5
0.0017142857142857428,english,12,5
0.004285714285714272,german,12,5
-0.0008571428571428429,french,12,5
0.0006666666666666857,spanish,12,5
-0.00019047619047621423,italian,12,5
-0.0027857142857142287,country_capital,12,5
0.0006639290059458,addition,12,6
-0.0007351567666693287,subtraction,12,6
0.0023067344653479,multiplication,12,6
0.006571428571428571,english,12,6
0.007904761904761843,german,12,6
0.003809523809523772,french,12,6
0.004761904761904743,spanish,12,6
0.001428571428571386,italian,12,6
0.002571428571428557,country_capital,12,6
-0.0015859992481840998,addition,12,7
-0.0028872625973465856,subtraction,12,7
-0.0008214018085866761,multiplication,12,7
-0.0007619047619047572,english,12,7
-0.0003809523809523572,german,12,7
-9.52380952381143e-05,french,12,7
0.0016190476190475998,spanish,12,7
0.0010476190476190286,italian,12,7
0.004142857142857057,country_capital,12,7
-0.0014356248482298285,addition,13,0
0.0025221364847415003,subtraction,13,0
-9.94747393907571e-05,multiplication,13,0
0.011904761904761857,english,13,0
0.0021904761904761,german,13,0
0.005428571428571372,french,13,0
0.0020952380952380853,spanish,13,0
0.001142857142857186,italian,13,0
-0.01328571428571427,country_capital,13,0
0.004255070559692386,addition,13,1
0.013789607738977456,subtraction,13,1
0.0038182425650912857,multiplication,13,1
-0.002857142857142843,english,13,1
0.0048571428571427865,german,13,1
0.002095238095238,french,13,1
0.005619047619047557,spanish,13,1
0.003142857142857086,italian,13,1
-0.005928571428571414,country_capital,13,1
-0.0018419414385800713,addition,13,2
-0.0011511019170682714,subtraction,13,2
-0.0029471855952948,multiplication,13,2
-0.003333333333333286,english,13,2
0.01733333333333327,german,13,2
-0.0006666666666666862,french,13,2
0.0006666666666666142,spanish,13,2
0.0033333333333332854,italian,13,2
-0.015357142857142828,country_capital,13,2
0.0008176964647553,addition,13,3
-0.0007979547763160571,subtraction,13,3
0.0014649990299149857,multiplication,13,3
-0.001047619047619014,english,13,3
-0.0017142857142856856,german,13,3
-0.0031428571428570714,french,13,3
0.00019047619047618574,spanish,13,3
0.001523809523809486,italian,13,3
0.004142857142857129,country_capital,13,3
0.0008426630325789428,addition,13,4
0.0015049807724177144,subtraction,13,4
-0.0005403376657578,multiplication,13,4
0.00028571428571428574,english,13,4
0.000380952380952343,german,13,4
0.0013333333333333287,french,13,4
0.0020952380952380715,spanish,13,4
0.0018095238095237574,italian,13,4
0.002214285714285643,country_capital,13,4
0.0008417731739159714,addition,13,5
0.0008292340634777429,subtraction,13,5
0.0009154705316469857,multiplication,13,5
-0.0012380952380951573,english,13,5
-0.005142857142857129,german,13,5
-0.0045714285714285,french,13,5
0.0011428571428571284,spanish,13,5
-0.0012380952380952142,italian,13,5
-0.0030714285714285574,country_capital,13,5
0.0015810519701275716,addition,13,6
0.0012395813570183,subtraction,13,6
-0.00024535721825635714,multiplication,13,6
-0.003238095238095186,english,13,6
-9.52380952381143e-05,german,13,6
-0.0028571428571428146,french,13,6
-0.0019047619047618427,spanish,13,6
0.0030476190476189857,italian,13,6
0.0002857142857142572,country_capital,13,6
0.00905680907172503,addition,13,7
0.011085751480079184,subtraction,13,7
0.0053276457980239,multiplication,13,7
-0.003523809523809557,english,13,7
0.01999999999999996,german,13,7
0.011714285714285644,french,13,7
0.008666666666666614,spanish,13,7
0.009999999999999943,italian,13,7
0.008285714285714285,country_capital,13,7
0.019127231661895457,addition,14,0
0.016671562984167988,subtraction,14,0
0.007615182623165801,multiplication,14,0
0.020095238095238072,english,14,0
0.0016190476190476573,german,14,0
0.0054285714285714284,french,14,0
0.012666666666666614,spanish,14,0
0.015238095238095202,italian,14,0
0.004857142857142771,country_capital,14,0
0.001724412103613757,addition,14,1
0.003177513818270072,subtraction,14,1
0.0010060804352820573,multiplication,14,1
-0.008095238095238056,english,14,1
0.0032380952380952,german,14,1
-0.003428571428571429,french,14,1
0.008476190476190413,spanish,14,1
0.004190476190476143,italian,14,1
0.005714285714285629,country_capital,14,1
-0.0003861214959954143,addition,14,2
-0.0010818709612827285,subtraction,14,2
-0.0017939644233761283,multiplication,14,2
-0.010857142857142815,english,14,2
-0.0020952380952381144,german,14,2
-0.001809523809523743,french,14,2
-0.007238095238095171,spanish,14,2
-0.0028571428571428146,italian,14,2
-0.01792857142857133,country_capital,14,2
0.0014009067574193,addition,14,3
0.0010949433619601141,subtraction,14,3
0.0002043099446461143,multiplication,14,3
0.0016190476190475571,english,14,3
0.0023809523809524,german,14,3
-0.0011428571428571,french,14,3
0.0031428571428570714,spanish,14,3
0.00047619047619045716,italian,14,3
-0.0005000000000000428,country_capital,14,3
0.0112478607371464,addition,14,4
0.01722439389897363,subtraction,14,4
0.008415475630811742,multiplication,14,4
0.014761904761904743,english,14,4
0.0197142857142857,german,14,4
0.006476190476190428,french,14,4
0.009523809523809471,spanish,14,4
0.0069523809523809,italian,14,4
0.0017142857142856285,country_capital,14,4
-0.00014236040958731425,addition,14,5
0.0004437955524089143,subtraction,14,5
-0.0004610986663507539,multiplication,14,5
0.006571428571428557,english,14,5
0.005999999999999944,german,14,5
0.010190476190476142,french,14,5
0.012285714285714271,spanish,14,5
0.0087619047619047,italian,14,5
0.008214285714285615,country_capital,14,5
0.006227824136647629,addition,14,6
0.01045526350400297,subtraction,14,6
0.0031698785030717285,multiplication,14,6
0.0010476190476190858,english,14,6
-0.0023809523809523716,german,14,6
0.0030476190476189575,french,14,6
0.005619047619047585,spanish,14,6
0.0016190476190476141,italian,14,6
0.004642857142857143,country_capital,14,6
0.0007021080615618429,addition,14,7
0.0002022984640632,subtraction,14,7
-0.0018149165493702715,multiplication,14,7
0.0003809523809523715,english,14,7
-0.0017142857142856713,german,14,7
0.002285714285714228,french,14,7
0.003333333333333243,spanish,14,7
0.0011428571428570857,italian,14,7
-0.0004285714285714286,country_capital,14,7
0.0033506795725282714,addition,15,0
0.0056444833488951,subtraction,15,0
0.00010027945132987154,multiplication,15,0
-0.0039047619047618437,english,15,0
-0.0034285714285713573,german,15,0
-0.0009523809523809716,french,15,0
-0.0029523809523809,spanish,15,0
-0.0017142857142856856,italian,15,0
-0.004428571428571371,country_capital,15,0
0.0029592067984925002,addition,15,1
0.0071168914729839005,subtraction,15,1
0.002786717756255557,multiplication,15,1
-0.0023809523809523287,english,15,1
0.0034285714285713998,german,15,1
-0.0007619047619047572,french,15,1
0.000952380952381,spanish,15,1
-0.003333333333333243,italian,15,1
-0.0035714285714285574,country_capital,15,1
0.029932917798043784,addition,15,2
0.024851980092736342,subtraction,15,2
0.013772108796898644,multiplication,15,2
-0.0014285714285714427,english,15,2
0.005142857142857086,german,15,2
0.008476190476190413,french,15,2
0.01752380952380946,spanish,15,2
0.010666666666666614,italian,15,2
0.0005714285714286002,country_capital,15,2
0.006484688117671272,addition,15,3
0.005708086684557244,subtraction,15,3
0.0041342982492141855,multiplication,15,3
-0.0017142857142856429,english,15,3
-0.0030476190476190143,german,15,3
-0.0009523809523809285,french,15,3
-0.0027619047619047285,spanish,15,3
-0.0014285714285713713,italian,15,3
-0.006071428571428557,country_capital,15,3
0.0021216465918146286,addition,15,4
0.004168148689157071,subtraction,15,4
0.0018272492835517714,multiplication,15,4
2.8560982943761004e-17,english,15,4
0.004857142857142814,german,15,4
0.0011428571428570857,french,15,4
-0.0010476190476189856,spanish,15,4
0.0016190476190476141,italian,15,4
-7.142857142854274e-05,country_capital,15,4
0.003282733956053215,addition,15,5
0.0009951755838310142,subtraction,15,5
0.0016028321740506426,multiplication,15,5
0.00038095238095238573,english,15,5
0.0005714285714285142,german,15,5
-0.00047619047619044285,french,15,5
0.0024761904761903997,spanish,15,5
-9.523809523805731e-05,italian,15,5
0.0018571428571428142,country_capital,15,5
0.002536116412376871,addition,15,6
-7.487843622285714e-07,subtraction,15,6
0.0018002845893601571,multiplication,15,6
0.0065714285714285284,english,15,6
0.003238095238095143,german,15,6
0.005047619047619043,french,15,6
0.006285714285714285,spanish,15,6
0.0029523809523809,italian,15,6
0.0026428571428571144,country_capital,15,6
0.0010156958043513,addition,15,7
0.0003210043302480429,subtraction,15,7
0.0002864346671069286,multiplication,15,7
-0.0009523809523809287,english,15,7
0.0014285714285714429,german,15,7
0.00028571428571432845,french,15,7
0.00028571428571428574,spanish,15,7
-0.0018095238095237858,italian,15,7
-0.0002142857142857143,country_capital,15,7
-0.0005528431963305857,addition,16,0
-0.0009627698165513142,subtraction,16,0
0.0010574818816415428,multiplication,16,0
9.523809523805712e-05,english,16,0
0.001047619047619,german,16,0
0.001142857142857086,french,16,0
-0.00019047619047621436,spanish,16,0
0.0009523809523809716,italian,16,0
0.0029285714285713855,country_capital,16,0
0.0087276068702539,addition,16,1
0.013982466685197759,subtraction,16,1
0.009234215543249115,multiplication,16,1
-0.002285714285714257,english,16,1
0.007619047619047571,german,16,1
0.005142857142857058,french,16,1
0.0029523809523809147,spanish,16,1
-0.0005714285714285715,italian,16,1
0.011285714285714272,country_capital,16,1
0.00026402698608577146,addition,16,2
0.0004399125462150143,subtraction,16,2
0.0007595075870285571,multiplication,16,2
-0.001904761904761886,english,16,2
-0.001904761904761843,german,16,2
0.008761904761904743,french,16,2
0.006190476190476129,spanish,16,2
0.0005714285714285715,italian,16,2
-0.0019285714285714145,country_capital,16,2
0.03332283936884773,addition,16,3
0.035996145521145474,subtraction,16,3
0.006783898197973757,multiplication,16,3
-0.0008571428571428572,english,16,3
0.0038095238095237427,german,16,3
0.00019047619047619994,french,16,3
-0.0017142857142856717,spanish,16,3
-9.52380952381143e-05,italian,16,3
-0.0014285714285713715,country_capital,16,3
0.0032390440869431575,addition,16,4
0.003934658362179285,subtraction,16,4
0.004503266131627414,multiplication,16,4
-0.0019999999999999857,english,16,4
0.0020952380952380285,german,16,4
-0.0017142857142856574,french,16,4
0.0027619047619046855,spanish,16,4
-0.0007619047619047285,italian,16,4
-0.0004285714285714571,country_capital,16,4
0.018584580110210285,addition,16,5
0.018111335528772445,subtraction,16,5
0.005781602236854329,multiplication,16,5
0.015047619047618985,english,16,5
0.03342857142857134,german,16,5
0.014666666666666614,french,16,5
0.006666666666666628,spanish,16,5
0.00019047619047618574,italian,16,5
-0.011999999999999943,country_capital,16,5
0.0018311795269778143,addition,16,6
0.0021829133051821715,subtraction,16,6
0.0021987025890387,multiplication,16,6
0.0014285714285713288,english,16,6
0.0029523809523809143,german,16,6
0.0016190476190476141,french,16,6
0.0032380952380952144,spanish,16,6
0.0018095238095237858,italian,16,6
0.0004999999999999715,country_capital,16,6
0.0030550719743996572,addition,16,7
0.0047871977773238,subtraction,16,7
0.0010946522820471866,multiplication,16,7
-0.0011428571428571,english,16,7
-0.004095238095238043,german,16,7
0.004095238095238071,french,16,7
0.010571428571428529,spanish,16,7
-0.0014285714285714,italian,16,7
0.0023571428571428285,country_capital,16,7
0.0006818111782397,addition,17,0
-0.0011008381285692143,subtraction,17,0
-0.0007590808273581713,multiplication,17,0
-0.0039999999999999715,english,17,0
0.001904761904761857,german,17,0
0.0009523809523809431,french,17,0
0.001904761904761857,spanish,17,0
0.0012380952380951714,italian,17,0
-0.0018571428571427572,country_capital,17,0
0.0005922688655881671,addition,17,1
-0.001112920101995657,subtraction,17,1
-0.0009027731994117715,multiplication,17,1
0.002761904761904757,english,17,1
0.010190476190476156,german,17,1
0.006285714285714257,french,17,1
0.009047619047619014,spanish,17,1
0.002857142857142814,italian,17,1
0.004071428571428543,country_capital,17,1
-0.000262326406864207,addition,17,2
0.001162052870876361,subtraction,17,2
0.0004393580664588693,multiplication,17,2
-0.0021904761904761286,english,17,2
-0.0007619047619048001,german,17,2
-0.0003809523809523715,french,17,2
0.0035238095238094716,spanish,17,2
0.0015238095238095143,italian,17,2
0.0006428571428571714,country_capital,17,2
0.004005443078552258,addition,17,3
0.005470883411639686,subtraction,17,3
0.0008666300786048144,multiplication,17,3
-0.0027619047619047285,english,17,3
-0.002190476190476157,german,17,3
0.0007619047619047572,french,17,3
0.005619047619047571,spanish,17,3
0.004095238095238029,italian,17,3
0.004857142857142828,country_capital,17,3
0.008034778363559843,addition,17,4
0.011094686701409314,subtraction,17,4
0.018998666070934915,multiplication,17,4
0.0018095238095238002,english,17,4
0.000666666666666643,german,17,4
0.002095238095238043,french,17,4
0.000761904761904757,spanish,17,4
0.001904761904761857,italian,17,4
0.0031428571428570575,country_capital,17,4
0.0023853273632685142,addition,17,5
0.0012886888321762002,subtraction,17,5
0.0010844620832015002,multiplication,17,5
0.001142857142857114,english,17,5
-0.00047619047619049993,german,17,5
-0.0006666666666666286,french,17,5
0.0018095238095237713,spanish,17,5
-9.523809523805709e-05,italian,17,5
-0.00035714285714287145,country_capital,17,5
0.005924182889939142,addition,17,6
0.003936312155009571,subtraction,17,6
0.0041830907421243,multiplication,17,6
-0.002666666666666629,english,17,6
-0.004380952380952343,german,17,6
-0.003428571428571386,french,17,6
-0.0024761904761904283,spanish,17,6
9.523809523808574e-05,italian,17,6
-0.0017142857142857285,country_capital,17,6
0.016151904677955027,addition,17,7
0.009263961062280371,subtraction,17,7
0.006574216112241286,multiplication,17,7
0.061523809523809474,english,17,7
0.06152380952380949,german,17,7
0.021999999999999943,french,17,7
0.028666666666666656,spanish,17,7
0.026761904761904712,italian,17,7
0.006357142857142771,country_capital,17,7
0.001591039041879343,addition,18,0
0.0016167613432319142,subtraction,18,0
0.0006686702808551,multiplication,18,0
-0.0013333333333332858,english,18,0
-0.002571428571428514,german,18,0
0.00019047619047615712,french,18,0
-0.0011428571428570716,spanish,18,0
-0.00019047619047619994,italian,18,0
-0.0009999999999999857,country_capital,18,0
0.0312350142310226,addition,18,1
0.03830402030275977,subtraction,18,1
0.009112702625727786,multiplication,18,1
-0.028761904761904687,english,18,1
-0.005714285714285658,german,18,1
-0.006666666666666657,french,18,1
-0.007047619047618985,spanish,18,1
-0.011047619047619013,italian,18,1
-0.020571428571428556,country_capital,18,1
0.00027810431087738204,addition,18,2
-1.6903979929200007e-05,subtraction,18,2
0.012518312709699216,multiplication,18,2
-0.00019047619047617143,english,18,2
0.0010476190476190286,german,18,2
-0.00019047619047617135,french,18,2
0.0023809523809523573,spanish,18,2
-0.0009523809523809431,italian,18,2
0.0066428571428571144,country_capital,18,2
-0.0005786672089193286,addition,18,3
-0.00026197375609141434,subtraction,18,3
0.0003123455131858571,multiplication,18,3
0.0008571428571428,english,18,3
-0.00038095238095231423,german,18,3
0.0002857142857142714,french,18,3
9.52380952381143e-05,spanish,18,3
0.0019047619047618714,italian,18,3
0.0011428571428571284,country_capital,18,3
0.003891584636962757,addition,18,4
0.0016349227492083714,subtraction,18,4
0.002830751896718257,multiplication,18,4
0.00019047619047617126,english,18,4
0.0008571428571427856,german,18,4
0.001999999999999943,french,18,4
0.00038095238095239994,spanish,18,4
0.001142857142857143,italian,18,4
0.0014285714285713288,country_capital,18,4
-0.0008246742908507571,addition,18,5
-0.0021148913489249287,subtraction,18,5
-0.0014093945114952713,multiplication,18,5
-0.0017142857142856999,english,18,5
-0.0012380952380951855,german,18,5
0.00019047619047617208,french,18,5
-0.0025714285714285,spanish,18,5
-0.0005714285714285715,italian,18,5
0.003857142857142814,country_capital,18,5
0.0034285656142798286,addition,18,6
-0.0004425106872585858,subtraction,18,6
0.0017205034150411572,multiplication,18,6
0.0017142857142856717,english,18,6
0.00047619047619047093,german,18,6
-0.002476190476190443,french,18,6
0.0009523809523808714,spanish,18,6
-9.52380952381143e-05,italian,18,6
0.003999999999999943,country_capital,18,6
-0.0023439432960440858,addition,18,7
0.00044449493083947145,subtraction,18,7
0.007828612999201186,multiplication,18,7
-0.001238095238095257,english,18,7
0.0021904761904761286,german,18,7
-0.003428571428571371,french,18,7
0.00019047619047614286,spanish,18,7
0.00028571428571428574,italian,18,7
0.0014285714285714143,country_capital,18,7
-0.0007970704443392857,addition,19,0
-0.0007494637326569428,subtraction,19,0
-0.0006416565305220429,multiplication,19,0
-9.523809523805713e-05,english,19,0
-9.523809523809998e-05,german,19,0
-0.0003809523809523715,french,19,0
-0.0015238095238095,spanish,19,0
0.00038095238095234237,italian,19,0
-7.142857142854287e-05,country_capital,19,0
0.007982294425151557,addition,19,1
0.005282843183893515,subtraction,19,1
0.002321073192291643,multiplication,19,1
0.0021904761904761286,english,19,1
0.0027619047619047428,german,19,1
0.0023809523809523426,french,19,1
0.00038095238095234334,spanish,19,1
0.0029523809523809143,italian,19,1
0.0023571428571427717,country_capital,19,1
0.0003965533377298,addition,19,2
0.0028242582658548434,subtraction,19,2
0.0013396923415830858,multiplication,19,2
-0.0019047619047619002,english,19,2
-0.00019047619047618574,german,19,2
-0.001904761904761857,french,19,2
-0.001047619047619,spanish,19,2
-0.0006666666666666428,italian,19,2
0.011214285714285685,country_capital,19,2
0.0016344661796341999,addition,19,3
0.0007884991214822999,subtraction,19,3
0.010692798906664386,multiplication,19,3
-0.0007619047619046857,english,19,3
0.0008571428571427856,german,19,3
-0.0003809523809524142,french,19,3
0.0005714285714285142,spanish,19,3
-2.862293735361732e-17,italian,19,3
0.002499999999999914,country_capital,19,3
0.0006368312437639286,addition,19,4
0.0005774521774521571,subtraction,19,4
0.0014600862489517429,multiplication,19,4
0.002571428571428543,english,19,4
0.003428571428571386,german,19,4
0.005047619047618986,french,19,4
-0.0010476190476190717,spanish,19,4
0.001999999999999943,italian,19,4
0.0005714285714284857,country_capital,19,4
-0.000217135999699,addition,19,5
0.0003231505344950428,subtraction,19,5
0.002568447534413828,multiplication,19,5
0.0005714285714285715,english,19,5
9.523809523811427e-05,german,19,5
0.0007619047619047574,french,19,5
0.0009523809523809422,spanish,19,5
0.0013333333333332572,italian,19,5
0.001428571428571357,country_capital,19,5
0.0006861566926692286,addition,19,6
-0.0006817309829914429,subtraction,19,6
-0.0002888920370012857,multiplication,19,6
0.006761904761904715,english,19,6
0.011333333333333242,german,19,6
0.004095238095238057,french,19,6
0.0015238095238094714,spanish,19,6
0.001428571428571357,italian,19,6
0.0025714285714284854,country_capital,19,6
-0.0026524282984366284,addition,19,7
-0.0017282419339142287,subtraction,19,7
-0.00047599679343378576,multiplication,19,7
-0.0008571428571428,english,19,7
0.0025714285714285292,german,19,7
-0.002000000000000043,french,19,7
0.0045714285714285,spanish,19,7
-0.004952380952380872,italian,19,7
-0.011357142857142843,country_capital,19,7
0.0309598314461759,addition,20,0
0.0022937868076523143,subtraction,20,0
0.0011659188850364714,multiplication,20,0
0.008857142857142829,english,20,0
0.007238095238095157,german,20,0
0.009238095238095156,french,20,0
0.006285714285714243,spanish,20,0
0.005047619047619043,italian,20,0
0.004857142857142756,country_capital,20,0
-0.001339087935096257,addition,20,1
-0.0015492909362657002,subtraction,20,1
0.00018357088756247125,multiplication,20,1
-0.0006666666666666714,english,20,1
0.0011428571428570857,german,20,1
0.0005714285714285573,french,20,1
0.0019047619047619002,spanish,20,1
0.0005714285714286001,italian,20,1
-0.00014285714285712858,country_capital,20,1
0.0014076229792616,addition,20,2
0.0024300254678405572,subtraction,20,2
0.0007596412380025715,multiplication,20,2
-0.0007619047619046999,english,20,2
-2.862293735361732e-17,german,20,2
-0.002666666666666629,french,20,2
0.00047619047619042854,spanish,20,2
0.0,italian,20,2
0.0026428571428571425,country_capital,20,2
0.0006295907484983,addition,20,3
-0.0010686280106447428,subtraction,20,3
-0.0002581928109239143,multiplication,20,3
-9.523809523808571e-05,english,20,3
0.0019999999999999714,german,20,3
-0.00019047619047614286,french,20,3
0.0016190476190475428,spanish,20,3
0.0,italian,20,3
0.002357142857142843,country_capital,20,3
0.00027437272500292856,addition,20,4
0.0007523621414376857,subtraction,20,4
0.008891737806233558,multiplication,20,4
0.0011428571428571139,english,20,4
0.0009523809523808857,german,20,4
0.0002857142857143,french,20,4
9.523809523808574e-05,spanish,20,4
0.0022857142857142425,italian,20,4
0.001428571428571343,country_capital,20,4
-0.0003582133164066143,addition,20,5
-0.005967888328602586,subtraction,20,5
-0.002758063264155643,multiplication,20,5
0.0019999999999999857,english,20,5
0.005999999999999958,german,20,5
0.0004761904761904572,french,20,5
0.0066666666666666,spanish,20,5
0.0017142857142856713,italian,20,5
0.002857142857142843,country_capital,20,5
0.019561733178119687,addition,20,6
0.06170672841786288,subtraction,20,6
0.0031060708976675005,multiplication,20,6
-0.00038095238095238557,english,20,6
-0.0035238095238094716,german,20,6
0.0016190476190476144,french,20,6
0.0058095238095238,spanish,20,6
-9.523809523811436e-05,italian,20,6
0.00978571428571427,country_capital,20,6
4.2141775124957216e-05,addition,20,7
-0.0009610227696361791,subtraction,20,7
0.005470760472020928,multiplication,20,7
-0.00019047619047617143,english,20,7
0.0002857142857142571,german,20,7
0.0006666666666666286,french,20,7
-0.0006666666666665715,spanish,20,7
9.523809523809998e-05,italian,20,7
0.002499999999999914,country_capital,20,7
0.01857272994667953,addition,21,0
0.013060264198919586,subtraction,21,0
-0.0003950654387629143,multiplication,21,0
0.002952380952380943,english,21,0
0.008285714285714244,german,21,0
0.0033333333333332715,french,21,0
-0.0007619047619046857,spanish,21,0
-0.003809523809523729,italian,21,0
0.0017857142857142427,country_capital,21,0
0.0002211612850268285,addition,21,1
-0.0006605592975341285,subtraction,21,1
-3.768133516034287e-05,multiplication,21,1
-0.00019047619047618574,english,21,1
0.00038095238095241436,german,21,1
0.0016190476190475855,french,21,1
-0.0023809523809523426,spanish,21,1
-0.001999999999999957,italian,21,1
0.0124999999999999,country_capital,21,1
0.0011389016834394714,addition,21,2
0.0006328511979771714,subtraction,21,2
0.00028555921980289334,multiplication,21,2
0.0026666666666665855,english,21,2
0.001523809523809457,german,21,2
0.0033333333333332715,french,21,2
0.0059047619047618285,spanish,21,2
0.0013333333333332856,italian,21,2
0.0017142857142856999,country_capital,21,2
0.0011215746205241286,addition,21,3
0.00014564417064414284,subtraction,21,3
-3.59828080415984e-05,multiplication,21,3
0.0013333333333333287,english,21,3
0.0009523809523809572,german,21,3
0.00019047619047619994,french,21,3
0.001523809523809457,spanish,21,3
0.0013333333333332856,italian,21,3
0.00042857142857145706,country_capital,21,3
-0.0006384692493935715,addition,21,4
0.0006119046453079714,subtraction,21,4
0.0008663014623098143,multiplication,21,4
-0.0015238095238095,english,21,4
0.0010476190476190143,german,21,4
-0.0005714285714285573,french,21,4
0.0008571428571428286,spanish,21,4
-0.001142857142857143,italian,21,4
0.0014285714285713431,country_capital,21,4
0.0017254200048317516,addition,21,5
-0.0006489014331450572,subtraction,21,5
0.0025147451210476,multiplication,21,5
-0.0004761904761904286,english,21,5
0.00019047619047614286,german,21,5
0.0012380952380951857,french,21,5
0.0026666666666666145,spanish,21,5
0.002952380952380886,italian,21,5
0.007571428571428485,country_capital,21,5
-0.0006524064248853966,addition,21,6
-0.0007825892827993428,subtraction,21,6
-0.0004047843690700428,multiplication,21,6
0.0026666666666666137,english,21,6
0.0048571428571428,german,21,6
0.0006666666666666142,french,21,6
-0.002190476190476143,spanish,21,6
-0.0009523809523808714,italian,21,6
-0.00035714285714284283,country_capital,21,6
0.0033464221741532144,addition,21,7
0.0020208609084659,subtraction,21,7
0.018956451111913214,multiplication,21,7
0.0013333333333332856,english,21,7
-0.0010476190476190143,german,21,7
-0.0005714285714285569,french,21,7
0.001047619047619,spanish,21,7
-0.0004761904761904709,italian,21,7
0.0014285714285714143,country_capital,21,7
-8.032520700584527e-05,addition,22,0
0.004174613746042271,subtraction,22,0
-0.0008300544304745573,multiplication,22,0
0.00038095238095231423,english,22,0
0.002857142857142814,german,22,0
-0.0008571428571428143,french,22,0
0.0010476190476189713,spanish,22,0
-0.0018095238095237856,italian,22,0
-0.00021428571428567148,country_capital,22,0
-0.00024021723685587138,addition,22,1
0.0006885767826944287,subtraction,22,1
0.0005866006153820572,multiplication,22,1
-0.0001904761904761714,english,22,1
-0.0006666666666666286,german,22,1
-0.0003809523809523426,french,22,1
0.0010476190476190572,spanish,22,1
-0.0014285714285714143,italian,22,1
0.031357142857142854,country_capital,22,1
0.0010028306427465427,addition,22,2
0.0011945587325838858,subtraction,22,2
0.0013591667591666859,multiplication,22,2
-0.0004761904761904715,english,22,2
0.0008571428571428428,german,22,2
0.0005714285714285569,french,22,2
-0.00028571428571431436,spanish,22,2
9.523809523808574e-05,italian,22,2
0.0008571428571428001,country_capital,22,2
0.00013003169410731428,addition,22,3
0.004643735334071414,subtraction,22,3
0.0008464421199714714,multiplication,22,3
0.0012380952380951855,english,22,3
0.00047619047619045716,german,22,3
0.001999999999999957,french,22,3
0.0019047619047619002,spanish,22,3
-0.0010476190476189859,italian,22,3
0.00035714285714289997,country_capital,22,3
-0.0004348586987242428,addition,22,4
2.787615434675713e-05,subtraction,22,4
0.0010316601776685142,multiplication,22,4
-0.0014285714285713856,english,22,4
-0.00047619047619045716,german,22,4
0.0012380952380952142,french,22,4
-0.0008571428571428286,spanish,22,4
-0.0009523809523809143,italian,22,4
0.002071428571428557,country_capital,22,4
5.3069945927059144e-05,addition,22,5
-0.000418930120610762,subtraction,22,5
0.0011518920000011714,multiplication,22,5
-0.0015238095238094714,english,22,5
-0.004190476190476114,german,22,5
-0.001142857142857114,french,22,5
-0.0107619047619047,spanish,22,5
-0.0026666666666666575,italian,22,5
0.0012857142857141857,country_capital,22,5
0.01222778361538864,addition,22,6
0.0011477843274061428,subtraction,22,6
-0.0010901580678891142,multiplication,22,6
0.0006666666666666857,english,22,6
0.0025714285714285292,german,22,6
0.0015238095238094284,french,22,6
-0.00047619047619045716,spanish,22,6
0.0009523809523808572,italian,22,6
0.0027142857142856427,country_capital,22,6
0.005715793838903043,addition,22,7
0.0019890523109010144,subtraction,22,7
0.0110523368710343,multiplication,22,7
-0.0002857142857142286,english,22,7
0.00047619047619039997,german,22,7
-9.523809523811427e-05,french,22,7
-0.001047619047619,spanish,22,7
2.8560982943761004e-17,italian,22,7
-0.000999999999999943,country_capital,22,7
0.00044461063368618573,addition,23,0
0.0006573832407865143,subtraction,23,0
-1.346629560911429e-05,multiplication,23,0
0.00028571428571428574,english,23,0
-0.0009523809523809285,german,23,0
-0.0006666666666666571,french,23,0
1.4102372543543597e-19,spanish,23,0
0.00019047619047619994,italian,23,0
0.0011428571428570716,country_capital,23,0
0.0005225151521369571,addition,23,1
0.00041962179588227145,subtraction,23,1
0.011729122674710829,multiplication,23,1
0.00019047619047617143,english,23,1
0.0031428571428571,german,23,1
0.002095238095238043,french,23,1
-0.0013333333333333,spanish,23,1
9.52380952380715e-05,italian,23,1
0.0012142857142856142,country_capital,23,1
7.330446553135714e-05,addition,23,2
0.0007970997723097857,subtraction,23,2
-0.00024392859707978568,multiplication,23,2
9.523809523805743e-05,english,23,2
-0.0005714285714285715,german,23,2
0.0007619047619046857,french,23,2
-0.0013333333333332715,spanish,23,2
0.0007619047619047279,italian,23,2
0.004642857142857072,country_capital,23,2
-0.002695561589048943,addition,23,3
-0.00038961513121174286,subtraction,23,3
-0.0009430672657563427,multiplication,23,3
-0.00047619047619049993,english,23,3
-0.0020952380952380285,german,23,3
-0.0032380952380952,french,23,3
-0.0007619047619048001,spanish,23,3
0.0017142857142856999,italian,23,3
0.000999999999999957,country_capital,23,3
0.0001755711142265857,addition,23,4
-0.0003090915387133714,subtraction,23,4
-0.0015462434624199,multiplication,23,4
-0.0017142857142856574,english,23,4
0.0005714285714285142,german,23,4
-0.0015238095238094284,french,23,4
-0.0005714285714286001,spanish,23,4
0.0002857142857142572,italian,23,4
0.0022857142857142716,country_capital,23,4
-0.0004486970856718858,addition,23,5
-0.0006955081255501,subtraction,23,5
0.0008419128024169612,multiplication,23,5
-0.0006666666666666,english,23,5
-0.0012380952380951714,german,23,5
0.00047619047619039997,french,23,5
0.0003809523809523715,spanish,23,5
0.0012380952380952287,italian,23,5
-0.0005714285714285285,country_capital,23,5
0.005965679768410801,addition,23,6
0.006589887314677215,subtraction,23,6
0.0010701718294154714,multiplication,23,6
-0.00028571428571428574,english,23,6
0.0006666666666666,german,23,6
-0.00028571428571428574,french,23,6
-0.00019047619047614288,spanish,23,6
-0.0002857142857143,italian,23,6
0.008571428571428542,country_capital,23,6
0.0009726678627938287,addition,23,7
9.240815207202857e-05,subtraction,23,7
8.847015107516803e-05,multiplication,23,7
0.002571428571428514,english,23,7
0.001999999999999971,german,23,7
-0.004761904761904671,french,23,7
-0.0013333333333332856,spanish,23,7
0.001523809523809486,italian,23,7
-0.0013571428571428287,country_capital,23,7
-0.00033146737327412857,addition,24,0
0.0007469932572873652,subtraction,24,0
0.0014153086953506715,multiplication,24,0
0.00038095238095231423,english,24,0
0.0006666666666666286,german,24,0
0.0003809523809523426,french,24,0
-0.00019047619047614286,spanish,24,0
-0.0016190476190475716,italian,24,0
0.0006428571428571857,country_capital,24,0
0.003940564920606929,addition,24,1
-0.0011311592158230429,subtraction,24,1
0.00043428445193150004,multiplication,24,1
0.0006666666666666286,english,24,1
-0.0004761904761904286,german,24,1
-0.00047619047619039997,french,24,1
-0.00019047619047618574,spanish,24,1
0.00019047619047614286,italian,24,1
0.0007857142857142001,country_capital,24,1
-0.0019972132131795715,addition,24,2
0.0009057718814020715,subtraction,24,2
0.0011361360939091856,multiplication,24,2
0.00019047619047620005,english,24,2
0.00038095238095235716,german,24,2
0.0008571428571428286,french,24,2
-2.8560982943761004e-17,spanish,24,2
-0.00047619047619049993,italian,24,2
-4.2841474415641506e-17,country_capital,24,2
-0.0008284157485837858,addition,24,3
0.0021330621681461713,subtraction,24,3
7.53168089302494e-05,multiplication,24,3
0.0004761904761904286,english,24,3
-0.0009523809523809714,german,24,3
0.00019047619047618574,french,24,3
0.0,spanish,24,3
2.8499028533904685e-17,italian,24,3
0.0074285714285713565,country_capital,24,3
-0.002405012370138386,addition,24,4
0.0006353851330742142,subtraction,24,4
0.00012545278406620003,multiplication,24,4
0.0020952380952380858,english,24,4
0.03971428571428567,german,24,4
0.02438095238095236,french,24,4
0.005333333333333272,spanish,24,4
0.03238095238095231,italian,24,4
-0.0004999999999999994,country_capital,24,4
0.0012176145516480856,addition,24,5
0.0012004508718794285,subtraction,24,5
0.0007768537484923856,multiplication,24,5
0.0004761904761904715,english,24,5
-0.0005714285714285857,german,24,5
-0.0011428571428570857,french,24,5
0.0005714285714285428,spanish,24,5
0.00047619047619045705,italian,24,5
0.0003571428571427572,country_capital,24,5
0.011041245907842471,addition,24,6
0.0007892064440383573,subtraction,24,6
0.0019931236130815142,multiplication,24,6
-0.00028571428571428574,english,24,6
-0.00019047619047620002,german,24,6
-9.523809523805712e-05,french,24,6
9.523809523811427e-05,spanish,24,6
-0.0006666666666666,italian,24,6
-0.0011428571428570428,country_capital,24,6
0.0007404618257558714,addition,24,7
0.00952193520764943,subtraction,24,7
-5.0559112533899715e-05,multiplication,24,7
0.002285714285714243,english,24,7
0.001904761904761857,german,24,7
0.001523809523809457,french,24,7
0.0028571428571428003,spanish,24,7
0.002190476190476157,italian,24,7
0.009714285714285715,country_capital,24,7
0.0015331513724370141,addition,25,0
0.004296497293556043,subtraction,25,0
0.0014105698922925428,multiplication,25,0
0.0016190476190475855,english,25,0
0.00038095238095239994,german,25,0
-0.00047619047619044285,french,25,0
-0.0006666666666666,spanish,25,0
-9.523809523811427e-05,italian,25,0
0.023142857142857114,country_capital,25,0
-7.21692717492853e-06,addition,25,1
-0.0007245341182315715,subtraction,25,1
0.0016349267212712143,multiplication,25,1
0.002380952380952314,english,25,1
-0.0018095238095237284,german,25,1
-0.0017142857142856717,french,25,1
0.0029523809523809,spanish,25,1
0.002666666666666586,italian,25,1
-0.0003571428571428428,country_capital,25,1
-0.00023223972572707145,addition,25,2
7.936291843854283e-05,subtraction,25,2
0.00048621339755790553,multiplication,25,2
0.0007619047619047,english,25,2
0.0014285714285713715,german,25,2
0.0006666666666666571,french,25,2
0.001523809523809543,spanish,25,2
0.0004761904761904715,italian,25,2
0.0002142857142857,country_capital,25,2
0.001305286092681,addition,25,3
0.0013708803023928572,subtraction,25,3
0.0011030632532732713,multiplication,25,3
0.007333333333333315,english,25,3
0.0071428571428570715,german,25,3
0.002190476190476186,french,25,3
0.005333333333333329,spanish,25,3
0.003047619047618972,italian,25,3
0.0019285714285714,country_capital,25,3
0.001343224523686657,addition,25,4
-0.002037037293549843,subtraction,25,4
0.0006040150403595001,multiplication,25,4
-0.00028571428571428574,english,25,4
0.0036190476190475713,german,25,4
0.0010476190476190429,french,25,4
-0.0005714285714285428,spanish,25,4
-9.52380952381143e-05,italian,25,4
0.0006428571428570857,country_capital,25,4
0.0003179309486032,addition,25,5
0.0004159320060580714,subtraction,25,5
0.0020501708531119856,multiplication,25,5
-0.0002857142857142571,english,25,5
-0.00019047619047617143,german,25,5
0.0010476190476189856,french,25,5
-0.0006666666666666428,spanish,25,5
-0.0007619047619047285,italian,25,5
0.002714285714285686,country_capital,25,5
-0.0008530551614585,addition,25,6
0.0009330047092651714,subtraction,25,6
0.0007021127176588857,multiplication,25,6
0.00019047619047617143,english,25,6
0.00047619047619044285,german,25,6
-0.005523809523809457,french,25,6
0.00019047619047617143,spanish,25,6
-0.0007619047619046999,italian,25,6
-0.00035714285714284283,country_capital,25,6
-0.0003489245737144142,addition,25,7
-0.0006463209681697144,subtraction,25,7
0.0013374518882921572,multiplication,25,7
0.0026666666666666145,english,25,7
0.0017142857142856572,german,25,7
-9.523809523808562e-05,french,25,7
-0.007904761904761871,spanish,25,7
-0.00028571428571430005,italian,25,7
0.0014999999999999573,country_capital,25,7
0.0004469935448926749,addition,26,0
0.003847805003897429,subtraction,26,0
-0.0008969532335078,multiplication,26,0
0.00028571428571428536,english,26,0
0.00038095238095239994,german,26,0
-0.0008571428571428286,french,26,0
0.0013333333333333571,spanish,26,0
-2.8560982943761004e-17,italian,26,0
0.016714285714285657,country_capital,26,0
0.02065490611162874,addition,26,1
-0.0006693174239392,subtraction,26,1
0.003090749897472557,multiplication,26,1
0.0002857142857142286,english,26,1
0.0,german,26,1
-9.523809523808582e-05,french,26,1
9.523809523805709e-05,spanish,26,1
0.00047619047619045705,italian,26,1
-0.0010714285714285,country_capital,26,1
0.0006378254642959858,addition,26,2
-0.0008640101417411716,subtraction,26,2
0.0008385699967632285,multiplication,26,2
0.0004761904761904569,english,26,2
0.0010476190476189713,german,26,2
-0.002285714285714243,french,26,2
-0.0006666666666666571,spanish,26,2
0.00038095238095231423,italian,26,2
0.0006428571428571285,country_capital,26,2
0.001119576144366,addition,26,3
0.0005026525139969857,subtraction,26,3
0.0009463013799147715,multiplication,26,3
0.0009523809523808714,english,26,3
-0.0002857142857142571,german,26,3
0.0006666666666666142,french,26,3
0.0021904761904761143,spanish,26,3
-0.0005714285714285285,italian,26,3
0.0006428571428571285,country_capital,26,3
0.0006624634624634143,addition,26,4
0.00033206154256575716,subtraction,26,4
-0.0006592133745494759,multiplication,26,4
-0.00047619047619045716,english,26,4
9.523809523808571e-05,german,26,4
2.8560982943761004e-17,french,26,4
-0.0002857142857142571,spanish,26,4
0.000761904761904743,italian,26,4
0.0005714285714285,country_capital,26,4
0.00010854721842113613,addition,26,5
0.00024961226915004586,subtraction,26,5
0.0008998105769113857,multiplication,26,5
-0.012571428571428515,english,26,5
0.0017142857142856858,german,26,5
0.027333333333333272,french,26,5
0.029142857142857113,spanish,26,5
0.009714285714285672,italian,26,5
0.004928571428571414,country_capital,26,5
0.0005942233769964286,addition,26,6
0.0012495019453002286,subtraction,26,6
-0.0006313473485741714,multiplication,26,6
0.00047619047619045716,english,26,6
0.0034285714285713998,german,26,6
0.00019047619047614286,french,26,6
0.00038095238095231423,spanish,26,6
0.0010476190476189859,italian,26,6
0.0002857142857142714,country_capital,26,6
0.0007908051565613857,addition,26,7
0.0003357711149727857,subtraction,26,7
0.0009868750685977285,multiplication,26,7
0.0020952380952380858,english,26,7
0.0030476190476189714,german,26,7
0.00047619047619045716,french,26,7
0.008666666666666658,spanish,26,7
0.001523809523809514,italian,26,7
0.004571428571428572,country_capital,26,7
0.0009561925158563287,addition,27,0
0.0002951377987091714,subtraction,27,0
-0.00036416687887275715,multiplication,27,0
-9.52380952380571e-05,english,27,0
-0.00038095238095234285,german,27,0
0.0,french,27,0
0.0015238095238094428,spanish,27,0
0.0006666666666666428,italian,27,0
0.007714285714285672,country_capital,27,0
0.003247040657754914,addition,27,1
0.0006938108421301715,subtraction,27,1
0.002168874620555214,multiplication,27,1
0.004380952380952343,english,27,1
-0.00038095238095240004,german,27,1
0.00028571428571428574,french,27,1
0.003428571428571371,spanish,27,1
0.0019999999999999714,italian,27,1
0.0029999999999999858,country_capital,27,1
-1.3592670945628594e-05,addition,27,2
0.0009640775346657195,subtraction,27,2
0.0005830194082294529,multiplication,27,2
-9.523809523808567e-05,english,27,2
-5.761760116637255e-20,german,27,2
0.00047619047619045716,french,27,2
-0.0002857142857142571,spanish,27,2
-0.0005714285714285142,italian,27,2
0.0027142857142856713,country_capital,27,2
0.0005773203764799856,addition,27,3
-0.0012198668278499854,subtraction,27,3
-0.0004344972721022962,multiplication,27,3
-0.0012380952380951573,english,27,3
-0.003523809523809457,german,27,3
-0.003714285714285686,french,27,3
0.0016190476190476,spanish,27,3
-0.00038095238095241436,italian,27,3
0.00021428571428575713,country_capital,27,3
0.002537092731420414,addition,27,4
0.0003167919537667,subtraction,27,4
0.0013879062580743143,multiplication,27,4
0.005238095238095186,english,27,4
-0.0030476190476189575,german,27,4
0.00447619047619043,french,27,4
0.0006666666666666,spanish,27,4
0.001142857142857114,italian,27,4
0.007285714285714257,country_capital,27,4
7.729209010722849e-05,addition,27,5
-0.0014307915784805998,subtraction,27,5
0.00018226749907420867,multiplication,27,5
0.0013333333333332856,english,27,5
-0.007333333333333257,german,27,5
0.0003809523809524001,french,27,5
0.0018095238095237713,spanish,27,5
0.00038095238095241436,italian,27,5
0.0004285714285714571,country_capital,27,5
0.0005125257251307143,addition,27,6
0.0004871719550290429,subtraction,27,6
0.0008058933829941858,multiplication,27,6
-0.0006666666666666,english,27,6
-0.001523809523809457,german,27,6
-0.0006666666666666142,french,27,6
0.0003809523809523431,spanish,27,6
9.523809523808567e-05,italian,27,6
0.006857142857142813,country_capital,27,6
0.0034752289338423428,addition,27,7
0.002674489166295843,subtraction,27,7
0.0009438171616743142,multiplication,27,7
0.009809523809523728,english,27,7
-0.0064761904761904705,german,27,7
-0.001904761904761857,french,27,7
-0.0023809523809523426,spanish,27,7
0.001428571428571386,italian,27,7
0.0107142857142857,country_capital,27,7
0.0008735749389110143,addition,28,0
0.0003925737039182,subtraction,28,0
0.00014720494258310001,multiplication,28,0
-0.0002857142857142286,english,28,0
0.0002857142857142571,german,28,0
0.00019047619047620002,french,28,0
0.00038095238095234285,spanish,28,0
-9.523809523805714e-05,italian,28,0
0.0012857142857142145,country_capital,28,0
0.0011693969273800858,addition,28,1
0.0016229312859564714,subtraction,28,1
0.0009077247604557857,multiplication,28,1
-0.00038095238095234285,english,28,1
0.0006666666666666425,german,28,1
0.00047619047619045716,french,28,1
-0.0012380952380952,spanish,28,1
-0.00019047619047618566,italian,28,1
0.0022142857142856856,country_capital,28,1
0.0024225385025804713,addition,28,2
-0.003117793232288985,subtraction,28,2
0.0007151599256641428,multiplication,28,2
-0.0005714285714285428,english,28,2
-0.0008571428571428572,german,28,2
0.0007619047619047143,french,28,2
-0.0017142857142856426,spanish,28,2
-0.00028571428571428574,italian,28,2
0.004642857142857114,country_capital,28,2
-0.0036278915684377,addition,28,3
-0.0028752599330329857,subtraction,28,3
-0.0009605139491693713,multiplication,28,3
-0.0068571428571427995,english,28,3
0.00028571428571431436,german,28,3
0.02685714285714283,french,28,3
0.003428571428571457,spanish,28,3
0.026095238095238043,italian,28,3
7.142857142852862e-05,country_capital,28,3
-0.0003514780426544766,addition,28,4
0.0008568821623442856,subtraction,28,4
0.0013149456907860142,multiplication,28,4
-0.0004761904761904286,english,28,4
0.0011428571428570857,german,28,4
0.001047619047619,french,28,4
-2.8560982943761004e-17,spanish,28,4
0.00019047619047618574,italian,28,4
-0.00035714285714279995,country_capital,28,4
0.0005260783023388143,addition,28,5
0.0008732146471641857,subtraction,28,5
0.0012502410521318,multiplication,28,5
0.00047619047619045716,english,28,5
-0.0005714285714285142,german,28,5
0.0004761904761905143,french,28,5
0.0024761904761903997,spanish,28,5
0.005714285714285657,italian,28,5
0.0037142857142857004,country_capital,28,5
0.0034625851039715716,addition,28,6
0.0026969864946755143,subtraction,28,6
0.004473284698494743,multiplication,28,6
-0.0010476190476190286,english,28,6
0.004285714285714229,german,28,6
0.006095238095238029,french,28,6
0.001333333333333357,spanish,28,6
0.0071428571428570715,italian,28,6
0.0005714285714285428,country_capital,28,6
-0.0002086199903426857,addition,28,7
0.001116243233890243,subtraction,28,7
0.0002475206321845143,multiplication,28,7
-9.523809523808574e-05,english,28,7
0.0002857142857142571,german,28,7
-0.00038095238095234285,french,28,7
9.523809523805704e-05,spanish,28,7
-9.523809523808571e-05,italian,28,7
-0.00042857142857142904,country_capital,28,7
0.0004539746434704,addition,29,0
0.0013298585168332858,subtraction,29,0
-0.00047560954451704283,multiplication,29,0
0.0010476190476189713,english,29,0
0.0014285714285713856,german,29,0
0.0006666666666666714,french,29,0
-0.0006666666666666,spanish,29,0
-0.00019047619047614286,italian,29,0
0.0033571428571427713,country_capital,29,0
-0.00042157717787964555,addition,29,1
0.0007002661826191142,subtraction,29,1
0.00011321085543774288,multiplication,29,1
-0.0018095238095237143,english,29,1
-0.001619047619047586,german,29,1
-0.002285714285714257,french,29,1
-0.0017142857142857146,spanish,29,1
-0.0004761904761904286,italian,29,1
-4.287245162056966e-17,country_capital,29,1
-0.00019665942523081425,addition,29,2
-0.0004981867028085429,subtraction,29,2
0.0002220365457760429,multiplication,29,2
9.523809523805719e-05,english,29,2
-0.00038095238095234264,german,29,2
-0.0002857142857142286,french,29,2
0.004952380952380943,spanish,29,2
0.006571428571428515,italian,29,2
0.023428571428571358,country_capital,29,2
-0.00044387576320351437,addition,29,3
-0.0033083793579591287,subtraction,29,3
-0.00024378123432744302,multiplication,29,3
0.001523809523809486,english,29,3
0.00038095238095240004,german,29,3
0.0002857142857142858,french,29,3
-0.00038095238095240004,spanish,29,3
0.0006666666666666427,italian,29,3
0.0019285714285714,country_capital,29,3
-0.00023573115337821427,addition,29,4
-0.0020392678827552573,subtraction,29,4
-3.6745926031640666e-05,multiplication,29,4
-0.006190476190476114,english,29,4
0.02333333333333327,german,29,4
0.010095238095238029,french,29,4
-0.007333333333333286,spanish,29,4
0.008095238095238056,italian,29,4
0.0031428571428571144,country_capital,29,4
-0.012724047186862273,addition,29,5
-0.008691830477334643,subtraction,29,5
-0.007401124544611858,multiplication,29,5
-0.028571428571428543,english,29,5
0.016476190476190443,german,29,5
0.01809523809523803,french,29,5
-0.0067619047619047285,spanish,29,5
0.0067619047619047285,italian,29,5
-0.009214285714285685,country_capital,29,5
-0.003776548125077457,addition,29,6
-0.0028158369641562144,subtraction,29,6
0.00011084440769314286,multiplication,29,6
0.0007619047619047143,english,29,6
-0.0005714285714285428,german,29,6
0.002857142857142857,french,29,6
9.523809523808574e-05,spanish,29,6
-0.0007619047619046857,italian,29,6
-0.00014285714285710001,country_capital,29,6
-0.004746962250323499,addition,29,7
-0.002373856077007286,subtraction,29,7
-0.0014181753509484,multiplication,29,7
-0.0008571428571428,english,29,7
0.00028571428571428574,german,29,7
-0.0007619047619047715,french,29,7
0.0010476190476189713,spanish,29,7
-0.0002857142857142571,italian,29,7
0.0010714285714285715,country_capital,29,7
-0.005604094396111157,addition,30,0
-0.0009221507250918142,subtraction,30,0
-0.004815117655453715,multiplication,30,0
-0.004571428571428529,english,30,0
-0.0008571428571428573,german,30,0
-0.0030476190476189857,french,30,0
-0.0005714285714285142,spanish,30,0
-0.000571428571428557,italian,30,0
-0.003642857142857186,country_capital,30,0
0.0027815774717034713,addition,30,1
0.004061912674937843,subtraction,30,1
0.0011876218941344896,multiplication,30,1
0.002285714285714257,english,30,1
0.002190476190476186,german,30,1
0.0009523809523808572,french,30,1
0.0007619047619047,spanish,30,1
-9.52380952381143e-05,italian,30,1
-0.0006428571428570572,country_capital,30,1
7.438242585297338e-05,addition,30,2
-0.002167326044636957,subtraction,30,2
-0.0008603156103155572,multiplication,30,2
0.00047619047619039997,english,30,2
-0.00038095238095231423,german,30,2
0.0002857142857142571,french,30,2
0.00019047619047614286,spanish,30,2
-0.00028571428571428574,italian,30,2
-7.142857142862858e-05,country_capital,30,2
0.0006575302459755286,addition,30,3
0.0008949719981232537,subtraction,30,3
0.0004801235723504143,multiplication,30,3
0.0007619047619047143,english,30,3
-0.00038095238095234285,german,30,3
-0.0002857142857142571,french,30,3
0.00038095238095238573,spanish,30,3
-0.00038095238095234285,italian,30,3
0.0017142857142856574,country_capital,30,3
-0.0028542711567920995,addition,30,4
-0.0019773732414487856,subtraction,30,4
-0.0019340963969115,multiplication,30,4
0.0007619047619047142,english,30,4
0.008285714285714257,german,30,4
-0.0029523809523809286,french,30,4
-0.004380952380952328,spanish,30,4
0.01771428571428563,italian,30,4
-0.0016428571428571141,country_capital,30,4
0.0023233997483997288,addition,30,5
0.0027727793759305714,subtraction,30,5
0.0018371435676057,multiplication,30,5
0.0016190476190475855,english,30,5
0.0002857142857142571,german,30,5
-0.0006666666666666569,french,30,5
0.00038095238095234285,spanish,30,5
0.004095238095238015,italian,30,5
0.017499999999999957,country_capital,30,5
-5.150786033185702e-06,addition,30,6
0.0014418023775165999,subtraction,30,6
-0.00033526013357943987,multiplication,30,6
0.00038095238095238573,english,30,6
-0.00038095238095231423,german,30,6
0.0006666666666666,french,30,6
-0.0006666666666666286,spanish,30,6
-2.8560982943761004e-17,italian,30,6
0.0004285714285714429,country_capital,30,6
0.0038637929142130573,addition,30,7
0.0013909768802625427,subtraction,30,7
0.0035462300926586143,multiplication,30,7
0.0034285714285713998,english,30,7
-0.0019999999999999432,german,30,7
-0.00038095238095234285,french,30,7
0.0017142857142856426,spanish,30,7
0.0007619047619046999,italian,30,7
0.0021428571428570714,country_capital,30,7
-6.886038797804287e-05,addition,31,0
-0.0021918624092993146,subtraction,31,0
-0.0008104135671362,multiplication,31,0
0.0,english,31,0
0.0,german,31,0
0.0,french,31,0
0.0,spanish,31,0
0.00019047619047614286,italian,31,0
-0.0001428571428570572,country_capital,31,0
0.0010156835616919144,addition,31,1
0.0003662806847681142,subtraction,31,1
0.0017464224539854429,multiplication,31,1
-0.00019047619047617143,english,31,1
0.00019047619047614286,german,31,1
0.0013333333333332572,french,31,1
0.00038095238095238573,spanish,31,1
0.0036190476190475574,italian,31,1
0.01421428571428567,country_capital,31,1
0.008880643881484171,addition,31,2
0.011194559727542842,subtraction,31,2
0.002268304625657514,multiplication,31,2
-0.017809523809523786,english,31,2
0.02685714285714282,german,31,2
0.034666666666666644,french,31,2
0.003428571428571343,spanish,31,2
-0.007619047619047601,italian,31,2
-0.026357142857142857,country_capital,31,2
0.0010178103564657428,addition,31,3
-0.00014450364450363038,subtraction,31,3
0.0006036656232033857,multiplication,31,3
9.523809523808571e-05,english,31,3
0.0,german,31,3
-9.523809523805714e-05,french,31,3
-0.00019047619047617143,spanish,31,3
0.0006666666666666857,italian,31,3
0.0,country_capital,31,3
-0.0002320820014096857,addition,31,4
-0.0005502031581863286,subtraction,31,4
5.194385446466993e-06,multiplication,31,4
0.0,english,31,4
0.0,german,31,4
0.0,french,31,4
0.0,spanish,31,4
0.0,italian,31,4
0.0,country_capital,31,4
0.0005010151846285857,addition,31,5
0.0008046515265002143,subtraction,31,5
-0.0006096238961784429,multiplication,31,5
9.523809523808571e-05,english,31,5
9.523809523805714e-05,german,31,5
-2.8560982943761004e-17,french,31,5
0.0019047619047619002,spanish,31,5
0.0007619047619047428,italian,31,5
0.002928571428571329,country_capital,31,5
0.0022590297579792857,addition,31,6
0.0029760908714689858,subtraction,31,6
0.002329645416830257,multiplication,31,6
0.0005714285714285285,english,31,6
0.0008571428571427714,german,31,6
0.00038095238095231423,french,31,6
0.0006666666666666142,spanish,31,6
0.0,italian,31,6
0.0,country_capital,31,6
0.0028397583586658426,addition,31,7
0.002885783785153486,subtraction,31,7
0.0017418137573599573,multiplication,31,7
0.009999999999999957,english,31,7
-0.00047619047619045716,german,31,7
0.0018095238095237713,french,31,7
-0.00038095238095238535,spanish,31,7
0.007142857142857099,italian,31,7
0.0011428571428570716,country_capital,31,7
